SKU,Product type,Price,Availability,Number of products sold,Revenue generated,Customer demographics,Stock levels,Lead times,Order quantities,Shipping times,Shipping carriers,Shipping costs,Supplier name,Location,Lead time,Production volumes,Manufacturing lead time,Manufacturing costs,Inspection results,Defect rates,Transportation modes,Routes,Costs,inventory_turnover,stockout_risk,overstock_risk,total_cost,cost_efficiency,cum_revenue_pct,ABC_category,z_score,safety_stock,reorder_point,quality_risk,supplier_delay_risk,demand_stock_ratio,revenue_at_risk,holding_risk_score,fulfillment_stress_index,estimated_margin,margin_risk_flag,inventory_risk_score
SKU61,haircare,52.02874990329492,23,117,6885.589350896253,Unknown,32,23,36,7,Carrier C,9.030340422521949,Supplier 4,Kolkata,14,480,12,78.7023939688789,Fail,4.367470538205053,Air,Route A,164.36652824341942,3.5454545454545454,1,0,252.09926263482026,27.205094472483715,0.6543409892666759,A,2.05,11.502801908665557,101.20280190866556,1,1,3.5454545454545454,4422.443741780068,0.07627335329730572,81.54545454545455,6633.490088261432,0,0.8
SKU46,haircare,27.0822071998889,75,859,2556.767360633596,Non-binary,92,29,6,8,Carrier B,4.070955837084083,Supplier 3,Chennai,18,870,23,77.32235321105162,Pending,3.6486105925362033,Road,Route B,380.4359371119643,9.236559139784946,1,0,461.82924616009996,5.524213047999931,0.935125641395387,C,1.28,59.21096408740529,889.577630754072,1,1,9.236559139784946,20772.052922314786,0.011569357051506897,267.86021505376345,2094.938114473496,0,0.8
SKU36,skincare,9.813002578754052,34,963,7573.402457848733,Female,18,23,28,3,Carrier B,2.107951267159081,Supplier 2,Delhi,26,671,19,45.531364237162144,Fail,3.8055333792433537,Air,Route C,403.8089742481805,50.68421052631579,1,0,451.44828975250175,16.738713858309723,0.5418229034575299,A,2.05,94.67690801747804,832.9769080174781,1,1,50.68421052631579,9273.28743692258,0.00036833001197309476,1165.7368421052631,7121.954168096232,0,0.8
SKU1,skincare,14.84352327508434,95,736,7460.900065445849,Female,53,30,37,2,Carrier A,9.71657477143131,Supplier 3,Mumbai,23,517,30,33.61676895373,Pending,4.854068026388706,Road,Route B,503.0655791496692,13.62962962962963,1,0,546.3989228748305,13.62973099446868,0.5677545833711471,A,2.05,82.64037947637945,818.6403794763794,1,1,13.62962962962963,10138.126396882604,0.005272369075856864,408.8888888888889,6914.501142571018,0,0.8
SKU65,skincare,33.69771720664313,72,457,8354.579686481995,Male,57,24,54,8,Carrier C,6.580541347884595,Supplier 5,Kolkata,16,358,21,1.5972227430506774,Fail,4.911095954842331,Rail,Route C,555.8591036717435,7.879310344827586,1,0,564.0368677626788,14.785901882053833,0.3766384731038715,A,2.05,45.89608931052839,411.49608931052836,1,1,7.879310344827586,13479.086882657251,0.01577503520991676,189.10344827586206,7790.5428187193165,0,0.8
SKU42,skincare,46.52916761451677,98,155,1839.609425856764,Female,22,27,57,4,Carrier C,7.526248326851508,Supplier 5,Bangalore,26,179,7,96.42282063957188,Fail,4.939255288620948,Road,Route A,635.6571205019919,6.739130434782608,1,0,739.6061894684153,2.483923915322906,0.9879815477084147,C,1.28,10.30916640664996,149.80916640664995,1,1,6.739130434782608,6188.37929273073,0.02089537939566929,181.95652173913044,1100.0032363883486,0,0.8
SKU73,cosmetics,83.8510176813046,41,375,7910.886916140686,Male,17,25,66,5,Carrier B,1.5129368369160772,Supplier 4,Chennai,13,444,4,46.87023879761716,Fail,4.620546064513706,Road,Route A,866.4728001296578,20.833333333333332,1,0,914.855975764191,8.63769754795762,0.4610770050322235,A,2.05,38.43749999999999,350.9375,1,1,20.833333333333332,30018.664329907046,0.0021691715636069156,520.8333333333333,6996.030940376495,0,0.8
SKU9,skincare,64.01573294127854,35,980,4971.145987585558,Unknown,14,27,83,1,Carrier A,7.166645291048216,Supplier 2,Chennai,29,963,23,47.95760163495158,Pending,3.844614478767585,Rail,Route B,995.9294614986416,65.33333333333333,1,0,1051.0537084246414,4.7251827048159125,0.822488706270059,B,1.65,84.02178467516623,966.0217846751661,1,1,65.33333333333333,61839.19802127507,0.0002184025692878251,1763.9999999999998,3920.0922791609164,0,0.8
SKU24,haircare,4.156308359311108,32,209,9049.077860939897,Male,4,26,2,8,Carrier C,9.741291689284369,Supplier 2,Bangalore,28,447,3,40.382359702924816,Pending,3.691310292628728,Air,Route A,758.7247726029383,41.8,1,0,808.8484239951474,11.173792024313576,0.21289781362672586,A,2.05,21.846749105988284,202.98008243932162,1,1,41.8,852.0432136587772,0.000455575676814615,1086.8,8240.22943694475,0,0.8
SKU72,cosmetics,90.20442752052809,88,478,2633.121981312256,Non-binary,57,29,77,9,Carrier A,6.599614159689544,Supplier 1,Bangalore,21,152,11,55.76049289524421,Pending,3.213329607438309,Rail,Route B,677.9445698461833,8.241379310344827,1,0,740.3046769011171,3.5520104801166514,0.9261469008668541,C,1.28,32.94859235597175,495.0152590226384,1,1,8.241379310344827,37976.063986142326,0.014421578240638996,239.0,1892.817304411139,0,0.8
SKU77,haircare,57.44974295897148,14,359,2483.7601775427947,Unknown,96,28,57,4,Carrier B,6.780946625617895,Supplier 1,Kolkata,26,334,5,42.95244474899184,Pass,3.055141818307548,Road,Route B,852.56809891985,3.7010309278350517,1,0,902.3014902944597,2.7496469387348568,0.9438465793085086,C,1.28,24.315512849208016,359.38217951587467,1,1,3.7010309278350517,15109.282398209498,0.07185784000518562,103.62886597938144,1581.458687248335,0,0.8
SKU50,cosmetics,14.203484264803022,91,633,5910.885389668899,Female,31,23,82,10,Carrier A,6.247860914975991,Supplier 2,Delhi,20,306,21,45.17875792463452,Fail,4.754800804671185,Rail,Route B,496.24865029194046,19.78125,1,0,547.675269131551,10.773012239142309,0.7290217815328377,B,1.65,50.090062345239694,535.3900623452397,1,1,19.78125,8550.497527411419,0.0024705816486390577,454.96875,5363.210120537347,0,0.8
SKU84,haircare,89.10436729210225,99,618,2048.2900998487103,Unknown,73,26,80,10,Carrier A,8.381615624922631,Supplier 5,Chennai,24,589,22,33.808636513209095,Pass,4.843456577118041,Air,Route B,465.457005963688,8.35135135135135,1,0,507.6472581018197,4.026936284867752,0.9713655068250461,C,1.28,40.33528396032436,575.9352839603243,1,1,8.35135135135135,48561.88017419573,0.014104436432725364,217.13513513513513,1540.6428417468906,0,0.8
SKU54,haircare,31.146243160240854,11,622,6088.021479940859,Non-binary,33,22,61,3,Carrier B,4.305103471287636,Supplier 1,Kolkata,26,497,29,30.186023375822508,Pass,2.478771975539748,Road,Route B,814.0699965821875,18.294117647058822,1,0,848.5611234292977,7.166078239746003,0.7085310107280142,B,1.65,48.13773694306786,504.2710702764012,0,1,18.294117647058822,18345.13722138186,0.002893857187167719,402.4705882352941,5239.460356511561,0,0.6000000000000001
SKU91,cosmetics,62.11196546396179,90,916,1935.206793507599,Male,98,22,85,7,Carrier B,7.471514084401146,Supplier 4,Delhi,5,207,28,39.772882502339975,Pending,0.6260018582093946,Rail,Route B,996.7783149506238,9.252525252525253,1,0,1044.022711537365,1.8518322828225013,0.9782150975408729,C,1.28,54.994186700777746,726.7275200341111,0,1,9.252525252525253,50807.587749520746,0.011537914995535093,203.55555555555554,891.184081970234,0,0.6000000000000001
SKU94,cosmetics,3.037688724631414,97,987,7888.356546661873,Unknown,77,26,72,9,Carrier B,6.942945942032581,Supplier 2,Delhi,12,908,14,60.38737861486212,Pass,1.4636074984727798,Rail,Route B,846.6652569866948,12.653846153846153,1,0,913.9955815435894,8.621196326821913,0.4883916660310008,A,2.05,103.17101132827959,958.5710113282796,0,1,12.653846153846153,2764.2967394145867,0.006154151094799503,329.0,6974.360965118283,0,0.6000000000000001
SKU3,skincare,61.163343016437736,68,83,7766.836425685233,Non-binary,23,13,59,6,Carrier C,1.7295685635434288,Supplier 5,Kolkata,24,937,18,35.62474139712503,Fail,4.74664862064775,Rail,Route A,254.77615921928663,3.4583333333333335,1,0,292.13046917995507,26.49617573844605,0.5153829799526537,A,2.05,6.134845495201977,42.10151216186865,1,0,3.4583333333333335,3669.8005809862643,0.0789455618864557,44.958333333333336,7474.705956505278,0,0.6000000000000001
SKU33,cosmetics,64.7954350001556,63,616,5149.9983504080365,Non-binary,4,17,95,9,Carrier C,4.85827050343664,Supplier 5,Chennai,1,251,23,23.853427512896133,Fail,3.541046012250923,Sea,Route A,371.255295519871,123.2,1,0,399.9669935362038,12.843945844492652,0.8049940587864207,B,1.65,41.9072455787779,390.97391224544464,1,0,123.2,39654.80622009523,5.261733764953353e-05,2094.4,4750.031356871833,0,0.6000000000000001
SKU40,skincare,80.54142417094033,97,933,5724.959350456265,Female,90,20,39,8,Carrier C,7.229595139736474,Supplier 1,Kolkata,18,793,1,88.17940710421746,Pending,4.213269430586566,Road,Route A,529.8087239806919,10.252747252747254,1,0,625.2177262246458,9.142122796444962,0.7488664652642151,B,1.65,68.84629695924103,690.846296959241,1,0,10.252747252747254,67896.4205761027,0.009389273716634746,205.05494505494508,5099.741624231619,0,0.6000000000000001
SKU43,haircare,11.74327177630924,6,598,5737.425599119023,Unknown,36,29,85,9,Carrier B,3.6940212683884543,Supplier 5,Mumbai,1,206,23,26.27736595733241,Pending,0.3723047679850977,Air,Route A,716.0441197593407,16.16216216216216,1,0,746.0155069850615,7.680463853120197,0.738954914728739,B,1.65,53.13542115199614,631.2020878186629,0,1,16.16216216216216,6599.718738285793,0.0037162728361408537,468.7027027027027,4991.410092133961,0,0.6000000000000001
SKU21,cosmetics,84.89386898495083,60,601,7087.052696357437,Unknown,69,25,7,6,Carrier B,6.037883769218298,Supplier 5,Chennai,19,791,4,61.73572895416093,Pending,0.0186075676310149,Air,Route C,523.360914720158,8.585714285714285,1,0,591.1345274435372,11.968653013623193,0.6302752666702642,A,2.05,61.602500000000006,562.4358333333333,0,1,8.585714285714285,45163.53829999384,0.013334312471253927,214.64285714285714,6495.9181689138995,0,0.6000000000000001
SKU63,skincare,13.017376785287857,55,246,4256.949140850225,Non-binary,54,19,10,4,Carrier A,2.45793352798733,Supplier 3,Bangalore,18,736,10,20.075003975630484,Pending,3.6328432903821337,Sea,Route A,687.2861778664173,4.472727272727273,1,0,709.8191153700352,5.988793841924412,0.8611149452056389,B,1.65,17.692770811831593,173.49277081183158,1,0,4.472727272727273,2499.3363427752683,0.04877019467846567,84.98181818181818,3547.13002548019,0,0.6000000000000001
SKU11,skincare,90.63545998228868,95,960,6099.944115581452,Female,46,23,60,1,Carrier A,4.523943124316663,Supplier 2,Kolkata,28,362,11,27.592363086663696,Pending,0.0211698213729943,Air,Route A,126.72303340940724,20.425531914893618,1,0,158.8393396203876,38.162971206391305,0.6979908952676855,A,2.05,94.3819643787943,830.3819643787942,0,1,20.425531914893618,82840.81042381185,0.0023423322480852268,469.7872340425532,5941.104775961065,0,0.6000000000000001
SKU93,haircare,69.29083100290549,88,114,4531.4021336919095,Unknown,63,17,66,1,Carrier C,7.0064320590043945,Supplier 4,Chennai,21,824,20,35.63365234334388,Fail,4.165781795424145,Air,Route A,823.5238458881558,1.78125,1,0,866.1639302905041,5.22554268622989,0.8385869490761905,B,1.65,7.755561681786818,72.35556168178681,1,0,1.78125,3533.83238114818,0.30583452167844893,30.28125,3665.2382034014054,0,0.6000000000000001
SKU92,cosmetics,47.71423307582023,44,276,2100.1297546259366,Male,90,25,10,8,Carrier B,4.469500026123601,Supplier 2,Mumbai,4,671,29,62.61269039561434,Pass,0.3334318252247392,Rail,Route B,230.0927825367629,3.032967032967033,1,0,297.17497295850086,7.043279768883308,0.9678193277880983,C,1.28,17.664,247.664,0,1,3.032967032967033,8874.847352102563,0.10677399517391972,75.82417582417582,1802.9547816674358,0,0.6000000000000001
SKU35,cosmetics,84.95778681635043,11,449,6541.329344802465,Female,42,27,85,8,Carrier C,5.288189990327409,Supplier 1,Delhi,3,367,2,58.004787044743765,Pass,0.5411540980605811,Sea,Route C,553.4204712303558,10.44186046511628,1,0,616.713448265427,10.589585451265265,0.6656659109650345,A,2.05,47.82798497480319,451.9279849748032,0,1,10.44186046511628,34577.819234254624,0.008929829636057525,281.93023255813955,5924.615896537038,0,0.6000000000000001
SKU56,skincare,20.986386037043378,90,93,4767.020484344137,Non-binary,25,23,83,5,Carrier C,1.7744297140717396,Supplier 1,Mumbai,24,826,28,12.836284572832753,Pass,1.173755495387454,Air,Route B,832.2108087060217,3.576923076923077,1,0,846.8215229929261,5.6226698132360475,0.8307417892252176,B,1.65,7.359203472523367,78.65920347252336,0,1,3.576923076923077,1427.0742505189496,0.07414640378534501,82.26923076923077,3920.198961351211,0,0.6000000000000001
SKU87,haircare,80.41403665035574,24,79,5133.846701086692,Male,5,7,55,10,Carrier A,6.575803797548535,Supplier 3,Chennai,27,523,17,28.69699682414317,Fail,3.693737787839276,Sea,Route B,879.3592177349243,13.166666666666666,1,0,914.632018356616,5.606888573316781,0.8138822233836336,B,1.65,3.448736833972694,21.882070167306026,1,0,13.166666666666666,5950.638712126325,0.004743232987604352,92.16666666666666,4219.214682730076,0,0.6000000000000001
SKU79,haircare,57.05703122110322,56,198,7888.723268427081,Non-binary,31,25,20,1,Carrier B,6.4963253642950445,Supplier 3,Bangalore,5,228,12,57.87090292403628,Pending,0.1658716274806082,Air,Route C,351.50421933503867,6.1875,1,0,415.87144762337,18.92363536385512,0.47473465298201534,A,2.05,20.294999999999995,185.295,0,1,6.1875,9528.524213924238,0.02513576352922337,154.6875,7472.851820803711,0,0.6000000000000001
SKU82,skincare,17.034930739467917,13,336,2943.3818676094515,Unknown,42,19,72,1,Carrier A,4.70818187354193,Supplier 2,Mumbai,6,955,26,4.46527843494324,Pending,4.137877048622357,Road,Route C,589.9785556280407,7.813953488372093,1,0,599.1520159365258,4.904393869303863,0.8925595908994447,B,1.65,24.16573574298949,236.96573574298947,1,0,7.813953488372093,5008.269637403568,0.015929169352031206,148.46511627906978,2344.2298516729256,0,0.6000000000000001
SKU39,skincare,19.127477265823256,26,176,1912.4656631007608,Female,78,29,34,3,Carrier A,5.562503778830384,Supplier 2,Kolkata,30,791,6,9.005807428781642,Fail,1.451972203996816,Air,Route B,653.6729945520332,2.2278481012658227,1,0,668.2413057596452,2.8576623209620204,0.9815261254289006,C,1.28,12.131699277512608,182.26503261084594,0,1,2.2278481012658227,1874.4927720506792,0.1969204102157017,64.60759493670886,1244.2243573411156,0,0.6000000000000001
SKU30,haircare,8.022859210526393,10,327,2766.342366866089,Male,60,26,35,7,Carrier B,8.954528315318015,Supplier 4,Kolkata,27,806,30,51.63489340010933,Pending,0.9653947053523932,Road,Route C,880.080988247161,5.360655737704918,1,0,940.6704099625883,2.9376970302974614,0.9122860671329044,C,1.28,21.34245607609396,304.742456076094,0,1,5.360655737704918,2142.103409210547,0.034060427292713455,139.37704918032787,1825.6719569035006,0,0.6000000000000001
SKU2,haircare,11.319683293090566,34,8,9577.74962586873,Unknown,1,10,88,2,Carrier B,8.054479261732155,Supplier 1,Mumbai,12,971,27,30.688019348284204,Pending,4.580592619199229,Air,Route C,141.92028177151906,4.0,1,0,180.6627803815354,52.72268543811318,0.08376713667794525,A,2.05,0.5186135362676142,3.1852802029342806,1,0,4.0,79.23778305163397,0.02770850651149903,40.0,9397.086845487194,0,0.6000000000000001
SKU83,haircare,68.91124621160633,82,663,2411.754632110491,Unknown,65,24,7,8,Carrier B,4.949839577996949,Supplier 1,Bangalore,20,443,5,97.73059380053304,Fail,0.7730061340672478,Road,Route A,682.9710182260933,10.045454545454545,1,0,785.6514516046233,3.065849083721842,0.9522434873765148,C,1.28,41.57469950631033,571.9746995063105,0,1,10.045454545454545,41208.925234540584,0.0097351706800078,241.09090909090907,1626.1031805058678,0,0.6000000000000001
SKU19,skincare,51.12387008796474,100,187,2553.495584991215,Unknown,48,11,94,3,Carrier A,4.742635882841877,Supplier 4,Chennai,20,694,16,82.37332058799021,Fail,3.646450865417029,Road,Route C,477.3076310909034,3.816326530612245,1,0,564.4235875617355,4.516075454161014,0.939546476371401,C,1.28,7.938673098194686,76.50533976486135,1,0,3.816326530612245,7106.217942227099,0.06672696302668056,41.97959183673469,1989.0719974294793,0,0.6000000000000001
SKU34,skincare,37.46759232984246,96,602,9061.710895507724,Unknown,1,26,21,7,Carrier A,1.019487570822119,Supplier 1,Chennai,4,452,10,10.754272815029331,Pass,0.6466045593720549,Road,Route B,510.3580004335235,301.0,1,0,522.1317608193749,17.322043076326462,0.19723125828061402,A,2.05,62.92699981724855,584.6603331505819,0,1,301.0,22518.02299023532,5.5093677708486464e-06,7826.0,8539.579134688349,0,0.6000000000000001
SKU60,skincare,17.028027920188702,16,380,8864.084349586436,Female,41,27,72,8,Carrier C,4.3813681581023145,Supplier 4,Mumbai,29,929,24,87.21305781513568,Fail,2.853090616649054,Rail,Route A,430.1690969751365,9.047619047619047,1,0,521.7635229483744,16.95620287275057,0.22824409201988974,A,2.05,40.478027372884654,382.47802737288464,0,1,9.047619047619047,5772.50146494397,0.011880776613664053,244.28571428571428,8342.32082663806,0,0.6000000000000001
SKU78,haircare,6.306883176111915,50,946,1292.4584179377562,Unknown,5,4,51,5,Carrier B,8.46704977086199,Supplier 5,Mumbai,25,858,21,71.12651472040338,Pending,4.096881332470452,Sea,Route C,323.59220343132216,157.66666666666666,1,0,403.1857679225875,3.1976841356405625,0.9960332575538683,C,1.28,24.2176,150.35093333333333,1,0,157.66666666666666,5934.777068721312,3.348517670384467e-05,630.6666666666666,889.2726500151687,0,0.6000000000000001
SKU14,skincare,99.1713286386242,26,562,8653.570926469802,Non-binary,54,29,78,5,Carrier B,2.039770189449332,Supplier 1,Kolkata,25,558,14,5.791436629862989,Pending,0.1006828515650937,Air,Route B,929.2352899608896,10.218181818181819,1,0,937.066496780202,9.224901386172645,0.28859426088670925,A,2.05,62.04248374299661,605.3091504096633,0,1,10.218181818181819,50379.0349484211,0.009377496817729088,296.32727272727277,7716.504429689599,0,0.6000000000000001
SKU20,skincare,96.34107243996338,22,320,8128.027696851192,Unknown,27,12,68,6,Carrier A,8.87833465092684,Supplier 1,Chennai,29,309,6,65.68625960848863,Pass,4.231416573534539,Air,Route B,493.87121531620585,11.428571428571429,1,0,568.4358095756213,14.27382605760024,0.43352789254831725,A,2.05,22.724506595303666,150.72450659530367,1,0,11.428571428571429,28227.93422490927,0.007353378877594254,137.14285714285714,7559.59188727557,0,0.6000000000000001
SKU4,skincare,4.805496036345893,26,871,2686.505151567447,Non-binary,5,3,56,8,Carrier A,3.890547915870672,Supplier 1,Delhi,5,414,3,92.06516059871284,Fail,3.145579522833002,Air,Route A,923.4406317119222,145.16666666666666,1,0,1019.3963402265057,2.6328055537430695,0.9169371799083086,C,1.28,19.3102880434239,106.4102880434239,1,0,145.16666666666666,4161.559567475543,3.9496325999093805e-05,435.5,1667.108811340941,0,0.6000000000000001
SKU5,haircare,1.6999760138659377,87,147,2828.348745975759,Non-binary,90,27,66,3,Carrier B,4.444098864382293,Supplier 4,Bangalore,10,104,17,56.7664755574318,Fail,2.7791935115711617,Road,Route A,235.4612367355375,1.6153846153846154,1,0,296.6718111573516,9.501567296476965,0.9074967331849809,C,1.28,9.777080398564799,142.07708039856482,0,1,1.6153846153846154,96.89863279035845,0.3741318223097684,43.61538461538461,2531.676934818407,0,0.6000000000000001
SKU64,skincare,89.63409560813533,11,134,8458.730878367178,Female,73,27,75,6,Carrier C,4.585353468194652,Supplier 1,Delhi,17,328,6,8.693042425877287,Fail,0.1594863147175146,Air,Route C,771.2250846811575,1.8108108108108107,1,0,784.5034805752294,10.768546655162869,0.3476873619600306,A,2.05,14.273830705175117,134.87383070517512,0,1,1.8108108108108107,5467.679832096255,0.29697799328198615,48.89189189189189,7674.2273977919485,0,0.6000000000000001
SKU66,skincare,26.03486977396209,52,704,8367.721618020154,Female,13,17,19,8,Carrier A,2.2161427287713638,Supplier 5,Kolkata,24,867,28,42.08443673830996,Fail,3.4480632883402618,Road,Route A,393.8433485784279,50.285714285714285,1,0,438.1439280455092,19.054622149194316,0.3621742937628202,A,2.05,59.50466038891407,458.43799372224737,1,0,50.285714285714285,17990.095013807804,0.00036662599535432493,854.8571428571429,7929.577689974645,0,0.6000000000000001
SKU12,haircare,71.21338907536008,41,336,2873.7414460214413,Unknown,100,30,85,4,Carrier A,1.325274010184522,Supplier 4,Kolkata,3,563,3,32.32128621342403,Fail,2.161253747555912,Road,Route B,402.9687890737706,3.3267326732673266,1,0,436.61534929737917,6.56682049803652,0.902600048368266,C,1.28,23.556451753182184,359.55645175318216,0,1,3.3267326732673266,16806.35982178498,0.08893008044121999,99.80198019801979,2437.1260967240623,0,0.6000000000000001
SKU53,skincare,30.34147071121421,93,242,8232.334829425821,Male,96,25,54,3,Carrier B,1.0134865660958965,Supplier 1,Delhi,1,631,17,83.34405899167797,Pending,1.4103475760760271,Air,Route B,750.7378406682709,2.4948453608247423,1,0,835.0953862260448,9.846167034343791,0.40529342452932066,A,2.05,24.804999999999996,226.47166666666666,0,1,2.4948453608247423,4429.854723837275,0.1577190091547145,62.371134020618555,7397.239443199776,0,0.6000000000000001
SKU55,haircare,79.85505834078943,16,701,2925.6751703038126,Male,97,11,11,5,Carrier A,5.014364955030907,Supplier 2,Delhi,27,918,5,30.3235452566165,Fail,4.548919659396385,Sea,Route B,323.01292795247883,7.153061224489796,1,0,358.35083816412623,8.141556550280173,0.8976247757375768,B,1.65,38.36174063764573,295.39507397097907,1,0,7.153061224489796,48232.45523783682,0.019290165733084334,78.68367346938776,2567.3243321396862,0,0.6000000000000001
SKU81,haircare,72.81920693031822,9,774,4384.413400045863,Unknown,48,6,8,5,Carrier B,4.066277501512044,Supplier 3,Delhi,28,698,1,19.789592941903603,Pending,2.547547121548712,Rail,Route B,276.77833594679885,15.795918367346939,1,0,300.6342063902145,14.535531140569278,0.8461776291706281,B,1.65,31.28243350508396,186.08243350508397,0,0,15.795918367346939,52866.74423141102,0.003918499541217342,94.77551020408163,4083.779193655649,0,0.4
SKU27,cosmetics,92.55736081240202,42,352,2686.457223575984,Unknown,47,9,62,8,Carrier C,7.406750952998074,Supplier 5,Mumbai,25,291,4,10.528245070042162,Fail,2.864667837883373,Sea,Route B,762.4591821556837,7.333333333333333,1,0,780.3941781787239,3.438030764239359,0.9215882097065807,C,1.28,13.516799999999998,119.1168,0,0,7.333333333333333,28229.995047782617,0.018131340343260992,66.0,1906.0630453972599,0,0.4
SKU58,skincare,59.84156137728931,81,896,2021.149810337108,Non-binary,10,5,44,7,Carrier A,4.93843856471209,Supplier 3,Delhi,18,396,7,65.04741509469146,Fail,1.7303747198591968,Road,Route B,110.36433523136472,81.45454545454545,1,0,180.35018889076827,11.145010781072287,0.9748646982181391,C,1.28,25.645016420349588,174.97834975368292,0,0,81.45454545454545,53019.62338027833,0.0001368481460939054,407.27272727272725,1840.7996214463396,0,0.4
SKU17,cosmetics,81.46253436923702,82,126,2629.396434845262,Female,45,17,85,9,Carrier C,3.585418958232342,Supplier 1,Chennai,7,453,16,47.679680368355335,Fail,0.1020207549181761,Air,Route C,670.9343907924103,2.739130434782609,1,0,722.199490118998,3.635783031888768,0.9306991420351154,C,1.28,6.649744752996163,78.04974475299616,0,0,2.739130434782609,6598.465283908198,0.12888828561145974,46.56521739130435,1907.1969447262638,0,0.4
SKU26,haircare,97.44694661789282,9,353,3716.493325894037,Male,59,16,48,4,Carrier B,6.507548621078551,Supplier 2,Bangalore,26,171,4,15.97222975718176,Pass,2.119319736724923,Rail,Route A,617.8669164583772,5.883333333333334,1,0,640.3466948366375,5.794827284236171,0.8813173018988472,B,1.65,23.298,211.56466666666668,0,0,5.883333333333334,28649.40230566049,0.02828054298642534,94.13333333333334,3076.146631057399,0,0.4
SKU37,skincare,23.39984475261435,5,963,2438.339930470029,Female,25,8,21,9,Carrier A,1.5326552735904306,Supplier 3,Kolkata,24,867,15,34.34327746507538,Pending,2.610288084848113,Sea,Route A,183.9329680435944,37.03846153846154,1,0,219.8089007822602,11.042761056423524,0.9480680467398181,C,1.28,34.864324110471436,291.66432411047145,0,0,37.03846153846154,21949.05437795226,0.0006999915484097356,296.3076923076923,2218.5310296877688,0,0.4
SKU68,haircare,37.93181238279032,29,163,3550.218432780992,Non-binary,0,8,58,8,Carrier B,1.1942518648849991,Supplier 2,Bangalore,2,375,18,97.1135815634622,Fail,1.98346787217418,Rail,Route A,299.7063031181032,163.0,1,0,398.01413654645046,8.897475321322858,0.8874637506776814,B,1.65,7.607054752004879,51.073721418671546,0,0,163.0,6182.885418394822,0.0,1304.0,3152.2042962345413,0,0.4
SKU10,skincare,15.707795681912138,11,996,2330.965802091949,Non-binary,51,13,80,2,Carrier C,8.673211211278613,Supplier 5,Kolkata,18,830,5,96.52735278531092,Pass,1.7273139283559424,Road,Route B,806.103177702923,19.153846153846153,1,0,911.3037416995124,2.555032601038816,0.9604182350854495,C,1.28,45.96645210063531,477.56645210063533,0,0,19.153846153846153,14843.86691940697,0.002669268995925278,249.0,1419.6620603924366,0,0.4
SKU45,haircare,33.78413803306551,1,24,5267.956807510521,Male,93,7,52,6,Carrier B,5.21515500871191,Supplier 2,Chennai,25,794,25,66.31254443999165,Pass,3.219604612084106,Rail,Route A,495.305697028474,0.2553191489361702,0,1,566.8333964771775,9.277293023257839,0.7960779310407068,B,1.65,1.047717519181578,6.647717519181579,1,0,0.2553191489361702,0.0,14.020850040096231,1.7872340425531914,4701.1234110333435,0,0.4
SKU59,cosmetics,63.828398347710966,30,484,1061.618523013288,Non-binary,100,16,26,7,Carrier B,7.293722596867728,Supplier 1,Kolkata,11,176,4,1.900762243519458,Fail,0.4471940154638232,Air,Route A,312.5742736100933,4.792079207920792,1,0,321.7687584504805,3.289099379102896,1.0,C,1.28,24.7808,282.9141333333333,0,0,4.792079207920792,24510.10496552101,0.042936727630443164,76.67326732673267,739.8497645628075,0,0.4
SKU15,skincare,36.98924492862691,94,469,5442.086785397673,Non-binary,9,8,69,7,Carrier B,2.4220397232752044,Supplier 1,Bangalore,14,580,7,97.12128175147431,Pass,2.264405761198549,Sea,Route B,127.8618000016254,46.9,1,0,227.40512147637492,23.82646566863684,0.7777326325804899,B,1.65,21.88778330484839,146.95444997151506,0,0,46.9,17015.05266716838,0.00040820584460057066,375.2,5214.681663921298,0,0.4
SKU6,skincare,4.078332863107945,48,65,7823.476559531737,Male,11,15,58,8,Carrier C,3.880763302952003,Supplier 3,Kolkata,14,314,24,1.0850685695870688,Pending,1.0009106193041355,Sea,Route A,134.36909686103172,5.416666666666667,1,0,139.3349287335708,55.7486053552982,0.5019363531695622,A,2.05,5.160750308821382,37.660750308821385,0,0,5.416666666666667,220.229974607829,0.03071253071253071,81.25,7684.141630798166,0,0.4
SKU18,haircare,36.443627770460935,23,620,9364.673505076173,Unknown,10,10,46,8,Carrier C,4.339224714110709,Supplier 2,Kolkata,18,374,17,27.10798085484392,Pending,2.231939110729264,Sea,Route A,593.4802587206518,56.36363636363637,1,0,624.9274642896064,14.961275929479411,0.16564063415016353,A,2.05,40.1925490607401,246.8592157274068,0,0,56.36363636363637,22230.61293998117,0.000285648764565198,563.6363636363636,8739.746040786566,0,0.4
SKU99,haircare,68.51783269927664,17,627,9185.185829181704,Unknown,55,8,59,6,Carrier B,1.3110237561206226,Supplier 2,Chennai,29,921,2,38.07289852062604,Fail,0.3460272907055034,Rail,Route B,210.74300896424612,11.196428571428571,1,0,250.12693124099277,36.575869357345766,0.1815428315197252,A,2.05,36.35518804792515,203.55518804792513,0,0,11.196428571428571,39192.20030398624,0.007815123014096046,89.57142857142857,8935.058897940711,0,0.4
SKU86,skincare,19.99817694040422,18,223,1229.5910285649834,Unknown,32,14,22,6,Carrier B,1.4543053101535517,Supplier 1,Mumbai,4,569,18,74.60896999519468,Pass,2.0515129307662465,Rail,Route A,264.2548898358665,6.757575757575758,1,0,340.31816514121476,3.602477553622909,0.9981620331261557,C,1.28,10.680186844807539,114.7468535114742,0,0,6.757575757575758,3819.651795617206,0.021109057064817596,94.60606060606061,889.2728634237686,0,0.4
SKU0,haircare,69.80800554211577,55,802,8661.996792392383,Non-binary,58,7,96,4,Carrier B,2.956572139430807,Supplier 3,Mumbai,29,215,29,46.27987924050832,Pending,0.2264103608499251,Road,Route B,187.75207545920392,13.59322033898305,1,0,236.98852683914305,36.39669906544295,0.2736124417506142,A,2.05,43.49879730521293,230.63213063854624,0,0,13.59322033898305,51937.15612333413,0.005309708945557748,95.15254237288136,8425.00826555324,0,0.4
SKU80,skincare,91.12831835044432,75,872,8651.672682982065,Unknown,39,14,41,2,Carrier C,2.8331846794189746,Supplier 3,Chennai,8,202,5,76.96122802382001,Fail,2.8496621985053308,Sea,Route B,787.7798504943445,21.8,1,0,867.5742631975835,9.960774857790117,0.30357279361759065,A,2.05,66.88586744597097,473.8192007793043,0,0,21.8,75909.88918592011,0.002048305342453019,305.2,7784.098419784482,0,0.4
SKU57,haircare,49.26320535073416,65,227,1605.8669003924058,Unknown,5,18,51,1,Carrier B,9.16055853538187,Supplier 2,Delhi,21,588,25,67.77962298707814,Pending,2.511174830212707,Rail,Route A,482.1912386025281,37.833333333333336,1,0,559.131420124988,2.8669466534015746,0.9937956404564874,C,1.28,12.327416780493794,148.52741678049378,0,0,37.833333333333336,10936.431587862984,0.0005794897708465649,681.0,1046.7354802674176,0,0.4
SKU7,cosmetics,42.95838438246007,59,426,8496.103813089838,Female,93,17,11,1,Carrier B,2.3483387844177805,Supplier 4,Bangalore,22,564,1,99.46610860359912,Fail,0.3981771868506506,Road,Route C,802.0563118175586,4.531914893617022,1,0,903.8707592055755,9.38930087712076,0.333042866962831,A,2.05,36.00708142851902,277.407081428519,0,0,4.531914893617022,14305.141999359203,0.047953033015624834,77.04255319148938,7592.2330538842625,0,0.4
SKU67,skincare,87.75543235400107,16,513,9473.798032508335,Unknown,12,9,71,9,Carrier C,9.147811544710631,Supplier 1,Mumbai,10,198,11,7.057876146978231,Pass,0.1319554443118148,Sea,Route C,169.2718013847869,39.46153846153846,1,0,185.47748907647576,50.80397682008182,0.11674011041706288,A,2.05,31.549499999999995,185.4495,0,0,39.46153846153846,43965.471609354536,0.0005914718405185662,355.15384615384613,9288.320543431859,0,0.4
SKU41,skincare,99.11329161531717,35,556,5521.205259010972,Female,64,19,38,8,Carrier B,5.773263743766654,Supplier 4,Chennai,18,892,7,95.3320645487725,Fail,0.0453022623982596,Sea,Route A,275.5243711313098,8.553846153846154,1,0,376.62969942384893,14.620685998571341,0.7683108157797092,B,1.65,39.98853890804214,392.1218722413755,0,0,8.553846153846154,48763.739474736045,0.013417015517133223,162.52307692307693,5144.575559587123,0,0.4
SKU32,skincare,79.20993601565672,43,781,9571.55048732782,Unknown,89,13,64,4,Carrier C,6.599104901238584,Supplier 3,Kolkata,30,737,7,29.69246715374977,Pass,1.946036119386113,Road,Route A,761.1739095148776,8.677777777777777,1,0,797.4654815698659,11.98743177790123,0.10033824234884392,A,2.05,57.7266786958162,396.1600120291495,0,0,8.677777777777777,54813.27572283445,0.013100098160785471,112.8111111111111,8774.085005757956,0,0.4
SKU90,skincare,13.881913501359142,56,320,9592.633570280312,Non-binary,66,18,96,7,Carrier B,7.674430708112694,Supplier 3,Bangalore,8,585,8,85.67596333579797,Pass,1.2193822244013883,Rail,Route B,990.0784725058112,4.776119402985074,1,0,1083.4288665497218,8.845793270701803,0.06718529851600805,A,2.05,27.831722907502503,219.8317229075025,0,0,4.776119402985074,3526.006029345222,0.042959119763555806,85.97014925373134,8509.20470373059,0,0.4
SKU88,cosmetics,75.27040697572501,58,737,9444.74203306298,Male,60,18,85,7,Carrier A,3.8012531329310777,Supplier 2,Mumbai,21,953,11,68.18491905704117,Pending,0.722204401882931,Sea,Route A,103.91624796070496,12.081967213114755,1,0,175.90242015067722,53.389558068331624,0.13309167419677392,A,2.05,64.09993682134171,506.2999368213417,0,0,12.081967213114755,50958.065522565834,0.006723538988755487,217.47540983606558,9268.839612912303,0,0.4
SKU8,cosmetics,68.71759674852733,78,150,7517.363210631127,Female,5,10,15,7,Carrier C,3.4047338570830266,Supplier 4,Mumbai,13,769,8,11.423027139565695,Pending,2.709862691109961,Sea,Route B,505.55713422546415,25.0,1,0,520.3848952221128,14.418068646635206,0.5548376203829454,A,2.05,9.724003805017766,59.724003805017766,0,0,25.0,9964.051528536462,0.0013239737217695703,250.0,6996.978315409015,0,0.4
SKU95,haircare,77.90392721944775,65,672,7386.363944048664,Unknown,15,14,26,9,Carrier B,8.630338869602754,Supplier 4,Mumbai,18,450,26,58.89068576858998,Pending,1.2108821295850665,Air,Route A,778.8642413766479,42.0,1,0,846.3852660148407,8.716653735066599,0.5933489594377037,A,2.05,51.54507216019781,365.1450721601978,0,0,42.0,51182.88018317717,0.0005305465726160863,588.0,6539.978678033824,0,0.4
SKU44,cosmetics,51.35579091311039,34,919,7152.2860494355145,Female,13,19,72,6,Carrier C,7.577449657376693,Supplier 2,Delhi,7,834,18,22.554106620887744,Fail,2.962626320454882,Rail,Route A,610.4532696192277,65.64285714285714,1,0,640.5848258974921,11.147841658241237,0.6057316228390623,A,2.05,82.11947664683451,664.1528099801678,0,0,65.64285714285714,46528.346567278015,0.0002152295482260828,1247.2142857142856,6511.7012235380225,0,0.4
SKU31,skincare,50.8473930517187,28,168,9655.135102719398,Male,6,17,44,4,Carrier B,2.6796609649814065,Supplier 3,Chennai,24,461,8,60.25114566159808,Pending,2.9890000066550746,Rail,Route C,609.3792066184267,24.0,1,0,672.3100132450062,14.339806200395918,0.050577691967227924,A,2.05,14.199975774627221,109.39997577462721,0,0,24.0,8237.277674378429,0.0014786738267339298,408.0,8982.825089474392,0,0.4
SKU47,skincare,95.71213588093607,93,910,7089.474249934186,Male,4,15,51,9,Carrier B,8.97875075594997,Supplier 1,Kolkata,10,964,20,19.712992911293647,Pending,0.3805735867132137,Rail,Route A,581.6023550505868,182.0,1,0,610.2940987178304,11.597485179071956,0.6180055409573768,A,2.05,72.25050432349936,527.2505043234994,0,0,182.0,86715.19510812809,2.4123835851530096e-05,2730.0,6479.1801512163565,0,0.4
SKU70,haircare,47.914541824058766,90,32,7014.887987203389,Female,10,12,22,4,Carrier B,6.315717754600723,Supplier 1,Bangalore,22,775,16,11.440781823761265,Pass,1.8305755986122316,Road,Route C,183.272898748711,2.909090909090909,1,0,201.02939832707298,34.72211492629762,0.6424200545245795,A,2.05,2.2724506595303664,15.072450659530368,0,0,2.909090909090909,1054.119920129293,0.10380982040901071,34.90909090909091,6813.8585888763155,0,0.4
SKU16,skincare,7.547172109791272,74,280,6453.797968176285,Female,2,5,78,1,Carrier B,4.191324585705502,Supplier 1,Bangalore,3,399,21,77.10634249785001,Pass,1.012563089258049,Air,Route A,865.5257797712403,93.33333333333333,1,0,946.8234468547959,6.8090718683866776,0.6768392906855794,A,2.05,12.835030190848792,59.50169685751546,0,0,93.33333333333333,2098.1138465219738,7.625009165896435e-05,466.66666666666663,5506.974521321489,0,0.4
SKU28,cosmetics,2.397274705597141,12,394,6117.324615083992,Female,48,15,24,4,Carrier B,9.898140508069222,Supplier 1,Mumbai,13,171,7,59.42938181069157,Fail,0.815757079295672,Air,Route A,123.43702751182708,8.040816326530612,1,0,192.76454983058787,31.570917489460733,0.6874301382973592,A,2.05,31.2820864873173,228.28208648731732,0,0,8.040816326530612,829.4570481366109,0.015093995740695166,120.61224489795917,5924.560065253404,0,0.4
SKU75,skincare,92.99688423397066,29,106,1889.073589779335,Non-binary,16,20,56,10,Carrier C,2.473897761045461,Supplier 1,Chennai,25,759,11,48.06478264000659,Pass,2.030069088668752,Air,Route C,873.1296480176514,6.235294117647059,1,0,923.6683284187035,2.0429742554391184,0.9847966549128939,C,1.28,6.067794063743429,76.73446073041009,0,0,6.235294117647059,8369.71958105736,0.023943261512351467,124.70588235294117,965.4052613606315,0,0.4
SKU74,haircare,3.170011413566155,64,904,5709.945295969287,Female,41,6,1,5,Carrier A,5.237654650037448,Supplier 4,Delhi,1,919,9,80.58085215644782,Fail,0.3966127241099354,Rail,Route A,341.55265678322337,21.523809523809526,1,0,427.37116358970866,13.32943433474957,0.7587520221549017,B,1.65,36.536589003353875,217.33658900335388,0,0,21.523809523809526,2735.7198499075917,0.0021038482463227553,129.14285714285717,5282.574132379578,0,0.4
SKU52,skincare,98.03182965646508,1,820,9435.76260891213,Male,64,11,11,1,Carrier B,8.631052179768947,Supplier 1,Mumbai,10,727,27,9.166849148597151,Pending,2.1224716191438247,Air,Route C,602.8984988383834,12.615384615384615,1,0,620.6964001667495,15.177444499246413,0.14942769201173614,A,2.05,55.75246272587425,356.41912939254087,0,0,12.615384615384615,74112.0632202876,0.006174363582297476,138.76923076923077,8815.06620874538,0,0.4
SKU25,haircare,39.62934398509263,73,142,2174.777054350654,Male,82,11,52,3,Carrier C,2.231073681281728,Supplier 4,Kolkata,19,934,23,78.28038311841539,Pending,3.797231217114183,Road,Route B,458.535945739209,1.7108433734939759,0,0,539.0474025389061,4.02701141441742,0.9641833994050657,C,1.28,6.028297218949975,58.09496388561664,1,0,1.7108433734939759,2377.760639105558,0.33322415174967157,18.819277108433734,1635.7296518117478,0,0.2
SKU29,cosmetics,63.44755918520733,3,253,8318.903194617178,Female,45,5,67,7,Carrier B,8.100973145397031,Supplier 1,Kolkata,16,329,7,39.29287558606575,Pass,3.878098936588488,Road,Route B,764.9353759407081,5.5,0,0,812.3292246721709,10.228211334678504,0.3910408861806753,A,2.05,11.597366565302659,53.76403323196933,1,0,5.5,13197.092310523125,0.03215342183860411,27.5,7506.573969945007,0,0.2
SKU49,cosmetics,78.89791320564004,19,99,8001.613206519002,Unknown,97,24,9,6,Carrier C,2.5056210329009154,Supplier 5,Delhi,28,177,28,14.147815443979216,Pass,2.825813985400132,Rail,Route A,336.8901685199779,1.010204081632653,0,0,353.54360499685805,22.568770367723634,0.44738098543629123,A,2.05,9.942478865956918,89.1424788659569,0,1,1.010204081632653,157.79582641128007,0.9507901580316064,24.24489795918367,7648.069601522144,0,0.2
SKU96,cosmetics,24.42313142037338,29,324,7698.424765632117,Non-binary,67,2,32,3,Carrier C,5.352878043996809,Supplier 3,Mumbai,28,648,28,17.80375633139127,Pending,3.872047681482133,Road,Route A,188.74214114905695,4.764705882352941,0,0,211.89877552444503,36.16002368575475,0.5287111664841514,A,2.05,9.393206481282098,30.9932064812821,1,0,4.764705882352941,6276.744775035959,0.04317623980060841,9.529411764705882,7486.5259901076715,0,0.2
SKU97,haircare,3.526111259143416,56,62,4370.916579984536,Male,46,19,4,9,Carrier A,7.904845611209675,Supplier 4,Mumbai,10,535,13,65.76515592636746,Fail,3.376237834717981,Road,Route A,540.1324228679678,1.3191489361702127,0,0,613.8024244055449,7.109465425759819,0.8537449423892651,B,1.65,4.459153619242109,43.72582028590878,1,0,1.3191489361702127,56.41778014629465,0.5493430497432418,25.06382978723404,3757.114155578991,0,0.2
SKU69,skincare,54.86552851706979,62,511,1752.3810874841247,Non-binary,95,1,27,3,Carrier B,9.705286790120349,Supplier 4,Kolkata,9,862,7,77.62776581274817,Pending,1.3623879886491086,Air,Route A,207.6632062085756,5.322916666666667,0,0,294.99625881144414,5.920281203960853,0.9910154231724608,C,1.28,6.540800000000001,23.574133333333336,0,0,5.322916666666667,22824.059863101033,0.034792757246659894,5.322916666666667,1457.3848286726807,0,0.0
SKU51,haircare,26.70076097246173,61,154,9866.465457979695,Male,100,4,52,1,Carrier A,4.783000557947665,Supplier 5,Bangalore,18,673,28,14.19032834456998,Pending,1.7729511720835571,Road,Route A,694.9823175794459,1.5247524752475248,0,0,713.9556464819635,13.800108449424773,0.017081688271812962,A,2.05,6.314,26.847333333333335,0,0,1.5247524752475248,1441.8410925129333,0.4203683009004622,6.099009900990099,9152.509811497732,0,0.0
SKU22,haircare,27.67978088650196,55,884,2390.8078665561734,Unknown,71,1,63,10,Carrier A,9.56764892092304,Supplier 4,Kolkata,22,780,28,50.12083961297735,Fail,2.591275473211116,Rail,Route C,205.57199582694707,12.277777777777779,0,0,265.26048436084744,8.979206480057513,0.9563826631399369,C,1.28,11.315199999999999,40.781866666666666,0,0,12.277777777777779,22503.661860726093,0.006528925746496832,12.277777777777779,2125.547382195326,0,0.0
SKU62,cosmetics,72.79635395558736,89,270,3899.746833729224,Unknown,86,2,40,7,Carrier C,7.291701388776776,Supplier 2,Mumbai,13,751,14,21.048642725168644,Pass,1.8740014040443749,Sea,Route C,320.8465157591116,3.103448275862069,0,0,349.186859873057,11.136188362815455,0.874882983476757,B,1.65,6.300321420372139,24.30032142037214,0,0,3.103448275862069,13394.529127828075,0.1019265924190973,6.206896551724138,3550.559973856167,0,0.0
SKU13,skincare,16.160393317379977,5,249,4052.738416237866,Male,80,8,48,9,Carrier A,9.537283061108338,Supplier 5,Bangalore,23,173,10,97.82905011017328,Pending,1.6310742300715386,Road,Route B,547.2410051609685,3.074074074074074,0,0,654.6073383322502,6.181655053690095,0.868131400548052,B,1.65,11.620592842019724,78.02059284201972,0,0,3.074074074074074,2731.1064706372163,0.10375885673111566,24.59259259259259,3398.131077905616,0,0.0
SKU76,haircare,69.10879954743032,23,241,5328.375984297758,Male,38,1,22,10,Carrier A,7.054538336836926,Supplier 2,Bangalore,25,985,24,64.32359779560022,Pending,2.1800374515822165,Rail,Route A,997.4134501331946,6.17948717948718,0,0,1068.7915862656318,4.9807607880874745,0.7869575832932273,B,1.65,3.9764999999999997,12.009833333333333,0,0,6.17948717948718,14029.086308128355,0.025369596678191973,6.17948717948718,4259.584398032126,0,0.0
SKU38,cosmetics,52.0759306827078,75,705,9692.318040218432,Non-binary,69,1,88,5,Carrier B,9.235931437249228,Supplier 5,Mumbai,10,841,12,5.930693645528318,Pending,0.6133268991645074,Air,Route B,339.6728699486061,10.071428571428571,0,0,354.83949503138365,27.23789285774365,0.03386187729688877,A,2.05,14.452499999999999,37.9525,0,0,10.071428571428571,33120.291914202164,0.009694430740216956,10.071428571428571,9337.478545187048,0,0.0
SKU48,haircare,76.03554442689172,28,29,7397.07100458718,Non-binary,30,16,9,3,Carrier C,7.0958331565551385,Supplier 2,Mumbai,9,109,18,23.126363582464776,Fail,1.6981125407144038,Rail,Route B,768.65191395437,0.9354838709677419,0,0,798.8741106933899,9.247794003702474,0.5805610399044372,A,2.05,2.3779999999999997,17.844666666666665,0,0,0.9354838709677419,0.0,1.0576595018764927,14.96774193548387,6598.19689389379,0,0.0
SKU71,cosmetics,6.381533162747966,14,637,8180.337085425443,Female,76,2,26,6,Carrier A,9.228190317052515,Supplier 2,Bangalore,2,258,10,30.66167747785956,Pending,2.078750607874969,Road,Route A,405.1670678888559,8.272727272727273,0,0,445.05693568376796,18.339221814555287,0.4194559398339859,A,2.05,18.46750780424906,60.93417447091573,0,0,8.272727272727273,3580.040104301609,0.014382008863859147,16.545454545454547,7735.280149741675,0,0.0
SKU98,skincare,19.7546048668786,43,913,8525.952559683526,Female,53,1,27,7,Carrier B,1.409801095138073,Supplier 5,Chennai,28,581,9,5.604690864371781,Pending,2.908122169351261,Rail,Route A,882.1988635470415,16.90740740740741,0,0,889.2133555065514,9.57742602595764,0.31833366867107726,A,2.05,18.716499999999996,49.14983333333333,0,0,16.90740740740741,16988.960185515596,0.0034276452355084495,16.90740740740741,7636.739204176975,0,0.0
SKU85,cosmetics,76.96299441519388,83,25,8684.613059253858,Female,15,18,66,2,Carrier C,8.249168704871728,Supplier 5,Chennai,4,211,2,69.9293455186723,Fail,1.3744289997457582,Road,Route B,842.6868300046415,1.5625,0,0,920.8653442281854,9.420695889728762,0.258616035018209,A,2.05,2.1743533521486333,17.174353352148632,0,0,1.5625,769.6299441519387,0.36688271982389625,28.125,7763.747715025672,0,0.0
SKU23,cosmetics,4.324341185864164,30,391,8858.367571011484,Unknown,84,5,29,7,Carrier A,2.924857601145554,Supplier 5,Kolkata,11,568,29,98.60995724270389,Pending,1.342291562722734,Rail,Route A,196.32944611241268,4.6,0,0,297.8642609562621,29.6401033120112,0.24358047302579244,A,2.05,17.923202873649565,83.08986954031624,0,0,4.6,1327.5727440602982,0.04648280136349551,23.0,8560.503310055221,0,0.0
SKU89,cosmetics,97.76008558193868,10,134,5924.682566853231,Unknown,90,1,27,8,Carrier B,9.92981624527726,Supplier 1,Kolkata,23,370,11,46.60387338164447,Pending,1.9076657339590744,Rail,Route B,517.4999739290605,1.4725274725274726,0,0,574.0336635559822,10.303192564788748,0.718788339570592,B,1.65,2.211,6.677666666666667,0,0,1.4725274725274726,4301.443765605302,0.4496825043856397,1.4725274725274726,5350.648903297249,0,0.0
